id,name,model_id:id,group_id:id,perm_read,perm_write,perm_create,perm_unlink
access_sat_sat_user,sat.sat_user_access,model_sat_sat,base.group_user,1,1,1,1
access_reparaciones_reparaciones_user,reparaciones.reparaciones_user_access,model_reparaciones_reparaciones,base.group_user,1,1,1,1
access_reparaciones_tecnicos,sat.reparaciones_tecnicos_access,model_reparaciones_reparaciones,sat.sat_tecnica_group_user,1,1,1,1
access_linea_pedidos_user,ticket.alquiler.line_user_access,model_ticket_alquiler_line,base.group_user,1,1,1,1
access_linea_pedidos_system,ticket.alquiler.line_system_access,model_ticket_alquiler_line,base.group_system,1,1,1,1
access_sat_dashboard_system,sat.dashboard_system_access,model_sat_dashboard,base.group_system,1,1,1,1
access_reparacion_autenticacion_wizard,reparacion.autenticacion_wizard_access,model_reparacion_autenticacion_wizard,base.group_user,1,1,1,1

access_linea_pedidos_tecnico,ticket.alquiler.line_tecnico_access,model_ticket_alquiler_line,sat.sat_tecnica_group_user,1,1,1,1
access_tipo_maquina_user,tipo.maquina_user_access,model_tipo_maquina,base.group_user,1,1,0,0
access_tipo_maquina_tecnico,tipo.maquina_tecnico_access,model_tipo_maquina,sat.sat_tecnica_group_user,1,1,0,0
access_ajustes_user,ajustes.user_access,model_ajustes_ajustes,base.group_user,1,1,0,0
access_modelo_maquina_user,modelo.maquina_user_access,model_modelo_maquina,base.group_user,1,1,0,0
access_marca_user,marca.user_access,model_marca_marca,base.group_user,1,1,0,0
access_repuestos_alquiler_user,repuestos.alquiler_user_access,model_repuestos_alquiler,base.group_user,1,1,1,0
access_fallas_user,fallas.user_access,model_fallas,base.group_user,1,1,1,0
access_informes_user,informes.user_access,model_informes,base.group_user,1,1,1,1
access_alquiler_user,alquiler.user_access,model_alquiler,base.group_user,1,1,1,1
access_ticket_alquiler_user,ticket.alquiler_user_access,model_ticket_alquiler,base.group_user,1,1,1,1
access_ticket_alquiler_tecnico,ticket.alquiler_tecnico_access,model_ticket_alquiler,sat.sat_tecnica_group_user,1,1,1,1

access_sat_user_system,sat.user_system_access,model_sat_sat,base.group_system,1,1,1,1
access_sat_tecnicos,sat.tecnicos_access,model_sat_sat,sat.sat_tecnica_group_user,1,1,1,1
access_excel_import_manager,excel.import_manager_access,model_excel_import_model,base.group_system,1,1,1,1
access_taller_incidencia_system,taller.incidencia_system_access,model_taller_incidencia,base.group_system,1,1,1,1
access_reparaciones_system,reparaciones.system_access,model_reparaciones_reparaciones,base.group_system,1,1,1,1
access_tipo_maquina_system,tipo.maquina_system_access,model_tipo_maquina,base.group_system,1,1,1,1
access_ajustes_system,ajustes.system_access,model_ajustes_ajustes,base.group_system,1,1,1,1
access_modelo_maquina_system,modelo.maquina_system_access,model_modelo_maquina,base.group_system,1,1,1,1
access_modelo_maquina_tecnico,modelo.maquina_tecnico_access,model_modelo_maquina,sat.sat_tecnica_group_user,1,1,1,1
access_marca_system,marca.system_access,model_marca_marca,base.group_system,1,1,1,1
access_marca_tecnico,marca.tecnico_access,model_marca_marca,sat.sat_tecnica_group_user,1,1,1,1
access_repuestos_alquiler_system,repuestos.alquiler_system_access,model_repuestos_alquiler,base.group_system,1,1,1,1
access_fallas_system,fallas.system_access,model_fallas,base.group_system,1,1,1,1
access_informes_system,informes.system_access,model_informes,base.group_system,1,1,1,1
access_alquiler_system,alquiler.system_access,model_alquiler,base.group_system,1,1,1,1
access_ticket_alquiler_system,ticket.alquiler_system_access,model_ticket_alquiler,base.group_system,1,1,1,1
access_evaluacion_personal_system,evaluacion.personal_system_access,model_evaluacion_personal,base.group_system,1,1,1,1
access_evaluacion_personal_jefes,evaluacion.personal_jefes_access,model_evaluacion_personal,sat_jefes_group_user,1,1,0,0

access_sat_ventas,sat.ventas_access,model_sat_sat,sat.Sat_ventas_group_user,1,1,0,0
access_reparaciones_ventas,reparaciones.ventas_access,model_reparaciones_reparaciones,sat.Sat_ventas_group_user,1,1,0,0
access_tipo_maquina_ventas,tipo.maquina_ventas_access,model_tipo_maquina,sat.Sat_ventas_group_user,1,1,0,0
access_ajustes_ventas,ajustes.ventas_access,model_ajustes_ajustes,sat.Sat_ventas_group_user,1,1,0,0
access_modelo_maquina_ventas,modelo.maquina_ventas_access,model_modelo_maquina,sat.Sat_ventas_group_user,1,1,0,0
access_marca_ventas,marca.ventas_access,model_marca_marca,sat.Sat_ventas_group_user,1,1,0,0
access_repuestos_alquiler_ventas,repuestos.alquiler_ventas_access,model_repuestos_alquiler,sat.Sat_ventas_group_user,1,1,0,0
access_fallas_ventas,fallas.ventas_access,model_fallas,sat.Sat_ventas_group_user,1,1,0,0
access_informes_ventas,informes.ventas_access,model_informes,sat.Sat_ventas_group_user,1,1,0,0
access_ticket_alquiler_ventas,ticket.alquiler_ventas_access,model_ticket_alquiler,sat.Sat_ventas_group_user,1,1,0,0

access_reparaciones_foto_user,reparaciones.foto_user_access,model_reparaciones_foto,base.group_user,1,1,1,1
access_reparaciones_foto_system,reparaciones.foto_system_access,model_reparaciones_foto,base.group_system,1,1,1,1
access_reparaciones_foto_tecnico,reparaciones.foto_tecnico_access,model_reparaciones_foto,sat.sat_tecnica_group_user,1,1,1,1

access_sale_order_tecnico,sale.order_tecnico_access,model_sale_order,sat.sat_tecnica_group_user,1,1,1,0
access_sale_order_line_tecnico,sale.order.line_tecnico_access,model_sale_order_line,sat.sat_tecnica_group_user,1,1,1,0

access_evaluacion_personal_tecnico,evaluacion.personal_tecnico_access,model_evaluacion_personal,sat.sat_tecnica_group_user,1,1,1,0

access_universal_excel_import_user,universal.excel.import.user,model_universal_excel_import,base.group_user,1,1,1,1

access_client_service_evaluation_user,client.service.evaluation.user,model_client_service_evaluation,base.group_user,1,1,1,0
access_client_service_evaluation_manager,client.service.evaluation.manager,model_client_service_evaluation,base.group_system,1,1,1,1

access_inspeccion_resultado_user,inspeccion.resultado.user,model_inspeccion_resultado,base.group_system,1,1,1,1
access_wizard_enviar_inspeccion_user,wizard.enviar.inspeccion.user,model_wizard_enviar_inspeccion,base.group_system,1,1,1,1
access_parts_request_user,Solicitud de Partes Usuario,model_copier_parts_request,base.group_system,1,1,1,1
access_parts_request_wizard_user,Wizard Solicitud Partes Usuario,model_copier_parts_request_wizard,base.group_system,1,1,1,1
access_parts_request_user,Solicitud de Partes Usuario,model_copier_parts_request,base.group_user,1,1,1,1
access_parts_request_wizard_user,Wizard Solicitud Partes Usuario,model_copier_parts_request_wizard,base.group_user,1,1,1,1

access_solicitud_partes_user,solicitud.partes.user,model_solicitud_partes,base.group_user,1,1,1,1
access_solicitud_partes_linea_user,solicitud.partes.linea.user,model_solicitud_partes_linea,base.group_user,1,1,1,1
access_equipment_visit_report_user,equipment.visit.report user,model_equipment_visit_report,base.group_user,1,1,1,0
access_equipment_visit_report_admin,equipment.visit.report admin,model_equipment_visit_report,base.group_system,1,1,1,1

access_sat_sat_portal,sat_sat.portal_access,model_sat_sat,base.group_portal,1,0,0,0
access_reparaciones_reparaciones_portal,reparaciones_reparaciones.portal_access,model_reparaciones_reparaciones,base.group_portal,1,0,0,0
access_ticket_alquiler_line_portal,ticket_alquiler_line.portal_access,model_ticket_alquiler_line,base.group_portal,1,0,0,0
access_sat_dashboard_portal,sat_dashboard.portal_access,model_sat_dashboard,base.group_portal,1,0,0,0
access_reparacion_autenticacion_wizard_portal,reparacion_autenticacion_wizard.portal_access,model_reparacion_autenticacion_wizard,base.group_portal,1,0,0,0
access_tipo_maquina_portal,tipo_maquina.portal_access,model_tipo_maquina,base.group_portal,1,0,0,0
access_ajustes_ajustes_portal,ajustes_ajustes.portal_access,model_ajustes_ajustes,base.group_portal,1,0,0,0
access_modelo_maquina_portal,modelo_maquina.portal_access,model_modelo_maquina,base.group_portal,1,0,0,0
access_marca_marca_portal,marca_marca.portal_access,model_marca_marca,base.group_portal,1,0,0,0
access_repuestos_alquiler_portal,repuestos_alquiler.portal_access,model_repuestos_alquiler,base.group_portal,1,0,0,0
access_fallas_portal,fallas.portal_access,model_fallas,base.group_portal,1,0,0,0
access_informes_portal,informes.portal_access,model_informes,base.group_portal,1,0,0,0
access_alquiler_portal,alquiler.portal_access,model_alquiler,base.group_portal,1,0,0,0
access_ticket_alquiler_portal,ticket_alquiler.portal_access,model_ticket_alquiler,base.group_portal,1,0,0,0
access_excel_import_model_portal,excel_import_model.portal_access,model_excel_import_model,base.group_portal,1,0,0,0
access_taller_incidencia_portal,taller_incidencia.portal_access,model_taller_incidencia,base.group_portal,1,0,0,0
access_evaluacion_personal_portal,evaluacion_personal.portal_access,model_evaluacion_personal,base.group_portal,1,0,0,0
access_reparaciones_foto_portal,reparaciones_foto.portal_access,model_reparaciones_foto,base.group_portal,1,0,0,0
access_sale_order_portal,sale_order.portal_access,model_sale_order,base.group_portal,1,0,0,0
access_sale_order_line_portal,sale_order_line.portal_access,model_sale_order_line,base.group_portal,1,0,0,0
access_universal_excel_import_portal,universal_excel_import.portal_access,model_universal_excel_import,base.group_portal,1,0,0,0
access_client_service_evaluation_portal,client_service_evaluation.portal_access,model_client_service_evaluation,base.group_portal,1,0,0,0
access_inspeccion_resultado_portal,inspeccion_resultado.portal_access,model_inspeccion_resultado,base.group_portal,1,0,0,0
access_wizard_enviar_inspeccion_portal,wizard_enviar_inspeccion.portal_access,model_wizard_enviar_inspeccion,base.group_portal,1,0,0,0
access_copier_parts_request_portal,copier_parts_request.portal_access,model_copier_parts_request,base.group_portal,1,0,0,0
access_copier_parts_request_wizard_portal,copier_parts_request_wizard.portal_access,model_copier_parts_request_wizard,base.group_portal,1,0,0,0
access_solicitud_partes_portal,solicitud_partes.portal_access,model_solicitud_partes,base.group_portal,1,0,0,0
access_solicitud_partes_linea_portal,solicitud_partes_linea.portal_access,model_solicitud_partes_linea,base.group_portal,1,0,0,0
access_equipment_visit_report_portal,equipment_visit_report.portal_access,model_equipment_visit_report,base.group_portal,1,0,0,0

access_whatsapp_notification_wizard_user,whatsapp.notification.wizard.user,model_whatsapp_notification_wizard,base.group_user,1,1,1,1
access_whatsapp_notification_wizard_admin,whatsapp.notification.wizard.admin,model_whatsapp_notification_wizard,base.group_system,1,1,1,1